AMBulatório;Ambulatório sigla;Endereço;Médico;Especialidade;Dia da Semana;Período;Entrada;Saída;
AMBULATÓRIO DE OBESIDADE ;ARE I;RUA 34, 1050, CENTRO, Barretos, SP ;ROGERIO PRADO PEREIRA ;NUTROLOGO ;Segunda;Manhã;08:30;12:30;
AMBULATÓRIO DE OBESIDADE ;ARE I;RUA 34, 1050, CENTRO, Barretos, SP ;ROGERIO PRADO PEREIRA ;NUTROLOGO ;Terça;Manhã;07:00;13:00;
AMBULATÓRIO DE OBESIDADE ;ARE I;RUA 34, 1050, CENTRO, Barretos, SP ;ROGERIO PRADO PEREIRA ;NUTROLOGO ;Quarta;Manhã;08:30;12:30;
AMBULATÓRIO DE OBESIDADE ;ARE I;RUA 34, 1050, CENTRO, Barretos, SP ;ROGERIO PRADO PEREIRA ;NUTROLOGO ;Quinta ;Manhã;08:30;12:30;
SERVIÇO DE ASSISTENCIA ESPECIALIZADA ;SAE - CASA ROSA;RUA JERONIMO ALVES PEREIRA, 490, JARDIM UNIVERSITÁRIO, Barretos, SP ;VANESSA SOARES DE OLIVEIRA E ALMEIDA ;INFECTOLOGISTA ;Terça;Manhã;07:00;12:00;
SERVIÇO DE ASSISTENCIA ESPECIALIZADA ;SAE - CASA ROSA;RUA JERONIMO ALVES PEREIRA, 490, JARDIM UNIVERSITÁRIO, Barretos, SP ;VANESSA SOARES DE OLIVEIRA E ALMEIDA ;INFECTOLOGISTA ;Terça;Tarde;13:00;17:00;
SERVIÇO DE ASSISTENCIA ESPECIALIZADA ;SAE - CASA ROSA;RUA JERONIMO ALVES PEREIRA, 490, JARDIM UNIVERSITÁRIO, Barretos, SP ;VANESSA SOARES DE OLIVEIRA E ALMEIDA ;INFECTOLOGISTA ;Quinta ;Manhã;07:00;09:00;
SERVIÇO DE ASSISTENCIA ESPECIALIZADA ;SAE - CASA ROSA;RUA JERONIMO ALVES PEREIRA, 490, JARDIM UNIVERSITÁRIO, Barretos, SP ;VANESSA SOARES DE OLIVEIRA E ALMEIDA ;INFECTOLOGISTA ;Sexta;Manhã;07:00;12:00;
SERVIÇO DE ASSISTENCIA ESPECIALIZADA ;SAE - CASA ROSA;RUA JERONIMO ALVES PEREIRA, 490, JARDIM UNIVERSITÁRIO, Barretos, SP ;VANESSA SOARES DE OLIVEIRA E ALMEIDA ;INFECTOLOGISTA ;Sexta;Tarde;13:00;17:00;
SERVIÇO DE ASSISTENCIA ESPECIALIZADA ;SAE - CASA ROSA;RUA JERONIMO ALVES PEREIRA, 490, JARDIM UNIVERSITÁRIO, Barretos, SP ;NAIARA RAFAELA RIZZO ;INFECTOLOGISTA ;Segunda;Manhã;08:00;12:00;
SERVIÇO DE ASSISTENCIA ESPECIALIZADA ;SAE - CASA ROSA;RUA JERONIMO ALVES PEREIRA, 490, JARDIM UNIVERSITÁRIO, Barretos, SP ;NAIARA RAFAELA RIZZO ;INFECTOLOGISTA ;Terça;Tarde;13:00;17:00;
SERVIÇO DE ASSISTENCIA ESPECIALIZADA ;SAE - CASA ROSA;RUA JERONIMO ALVES PEREIRA, 490, JARDIM UNIVERSITÁRIO, Barretos, SP ;NAIARA RAFAELA RIZZO ;INFECTOLOGISTA ;Quarta;Manhã;08:00;12:00;
SERVIÇO DE ASSISTENCIA ESPECIALIZADA ;SAE - CASA ROSA;RUA JERONIMO ALVES PEREIRA, 490, JARDIM UNIVERSITÁRIO, Barretos, SP ;NAIARA RAFAELA RIZZO ;INFECTOLOGISTA ;Quinta ;Manhã;08:00;12:00;
SERVIÇO DE ASSISTENCIA ESPECIALIZADA ;SAE - CASA ROSA;RUA JERONIMO ALVES PEREIRA, 490, JARDIM UNIVERSITÁRIO, Barretos, SP ;VITOR EMANOEL DE LEMOS CARVALHO ;PEDIATRA ;Quarta;Manhã;08:00;13:15;
SERVIÇO DE ASSISTENCIA ESPECIALIZADA ;SAE - CASA ROSA;RUA JERONIMO ALVES PEREIRA, 490, JARDIM UNIVERSITÁRIO, Barretos, SP ;VITOR EMANOEL DE LEMOS CARVALHO ;PEDIATRA ;Quarta;Tarde;14:15;17:00;
AMBULATÓRIO DE DOENÇAS INFECTOCONTAGIOSAS ;SÃO SEBASTIÃO ;RUA JERONIMO ALVES PEREIRA, 490, JARDIM UNIVERSITÁRIO, Barretos, SP ;NAIARA RAFAELA RIZZO ;INFECTOLOGISTA ;Segunda;Tarde;13:00;17:00;
AMBULATÓRIO DE DOENÇAS INFECTOCONTAGIOSAS ;SÃO SEBASTIÃO ;RUA JERONIMO ALVES PEREIRA, 490, JARDIM UNIVERSITÁRIO, Barretos, SP ;NAIARA RAFAELA RIZZO ;INFECTOLOGISTA ;Terça;Manhã;08:00;12:00;
AMBULATÓRIO DE DOENÇAS INFECTOCONTAGIOSAS ;SÃO SEBASTIÃO ;RUA JERONIMO ALVES PEREIRA, 490, JARDIM UNIVERSITÁRIO, Barretos, SP ;NAIARA RAFAELA RIZZO ;INFECTOLOGISTA ;Quarta;Tarde;13:00;17:00;
AMBULATÓRIO DE DOENÇAS INFECTOCONTAGIOSAS ;SÃO SEBASTIÃO ;RUA JERONIMO ALVES PEREIRA, 490, JARDIM UNIVERSITÁRIO, Barretos, SP ;NATALIA MARTINS DE SOUZA ;DERMATOLOGISTA ;Quinta ;Manhã;08:00;12:00;
AMBULATÓRIO DE DOENÇAS INFECTOCONTAGIOSAS ;SÃO SEBASTIÃO ;RUA JERONIMO ALVES PEREIRA, 490, JARDIM UNIVERSITÁRIO, Barretos, SP ;NATALIA MARTINS DE SOUZA ;DERMATOLOGISTA ;Sexta;Manhã;08:00;12:00;
AMBULATÓRIO DE DOENÇAS INFECTOCONTAGIOSAS ;SÃO SEBASTIÃO ;RUA JERONIMO ALVES PEREIRA, 490, JARDIM UNIVERSITÁRIO, Barretos, SP ;CITNIA TOZZE DE BARROS ;PNEUMOLOGISTA PEDIÁTRICO ;Segunda;Manhã;08:30;11:30;
AMBULATÓRIO DE DOENÇAS INFECTOCONTAGIOSAS ;SÃO SEBASTIÃO ;RUA JERONIMO ALVES PEREIRA, 490, JARDIM UNIVERSITÁRIO, Barretos, SP ;CITNIA TOZZE DE BARROS ;PNEUMOLOGISTA PEDIÁTRICO ;Terça;Manhã;08:30;12:30;
AMBULATÓRIO DE DOENÇAS INFECTOCONTAGIOSAS ;SÃO SEBASTIÃO ;RUA JERONIMO ALVES PEREIRA, 490, JARDIM UNIVERSITÁRIO, Barretos, SP ;CITNIA TOZZE DE BARROS ;PNEUMOLOGISTA PEDIÁTRICO ;Quarta;Manhã;09:00;13:00;
AMBULATÓRIO DE DOENÇAS INFECTOCONTAGIOSAS ;SÃO SEBASTIÃO ;RUA JERONIMO ALVES PEREIRA, 490, JARDIM UNIVERSITÁRIO, Barretos, SP ;CITNIA TOZZE DE BARROS ;PNEUMOLOGISTA PEDIÁTRICO ;Quinta ;Manhã;09:00;13:00;
AMBULATÓRIO DE DOENÇAS INFECTOCONTAGIOSAS ;SÃO SEBASTIÃO ;RUA JERONIMO ALVES PEREIRA, 490, JARDIM UNIVERSITÁRIO, Barretos, SP ;CITNIA TOZZE DE BARROS ;PNEUMOLOGISTA PEDIÁTRICO ;Sexta;Manhã;09:00;13:00;
AMBULATÓRIO DE DOENÇAS INFECTOCONTAGIOSAS ;SÃO SEBASTIÃO ;RUA JERONIMO ALVES PEREIRA, 490, JARDIM UNIVERSITÁRIO, Barretos, SP ;JOSE LUIZ IUNES FILHO ;PNEUMOLOGISTA ;Segunda;Manhã;07:00;10:00;
AMBULATÓRIO DE DOENÇAS INFECTOCONTAGIOSAS ;SÃO SEBASTIÃO ;RUA JERONIMO ALVES PEREIRA, 490, JARDIM UNIVERSITÁRIO, Barretos, SP ;JOSE LUIZ IUNES FILHO ;PNEUMOLOGISTA ;Terça;Manhã;07:00;10:00;
AMBULATÓRIO DE DOENÇAS INFECTOCONTAGIOSAS ;SÃO SEBASTIÃO ;RUA JERONIMO ALVES PEREIRA, 490, JARDIM UNIVERSITÁRIO, Barretos, SP ;JOSE LUIZ IUNES FILHO ;PNEUMOLOGISTA ;Quinta ;Manhã;07:00;10:00;
AMBULATÓRIO DE DOENÇAS INFECTOCONTAGIOSAS ;SÃO SEBASTIÃO ;RUA JERONIMO ALVES PEREIRA, 490, JARDIM UNIVERSITÁRIO, Barretos, SP ;JOSE LUIZ IUNES FILHO ;PNEUMOLOGISTA ;Sexta;Manhã;07:00;10:00;
CENTRO DE ATENÇÃO PSICOSOCIAL ;CAPS III ;RUA 14, 140, CENTRO, Barretos, SP ;ANDRE LUIZ DE ALMEIDA VENTURA ;PSIQUIATRA ;Segunda;Manhã;08:30;12:30;
CENTRO DE ATENÇÃO PSICOSOCIAL ;CAPS III ;RUA 14, 140, CENTRO, Barretos, SP ;ANDRE LUIZ DE ALMEIDA VENTURA ;PSIQUIATRA ;Terça;Manhã;08:30;12:30;
CENTRO DE ATENÇÃO PSICOSOCIAL ;CAPS III ;RUA 14, 140, CENTRO, Barretos, SP ;ANDRE LUIZ DE ALMEIDA VENTURA ;PSIQUIATRA ;Quarta;Manhã;08:30;12:30;
CENTRO DE ATENÇÃO PSICOSOCIAL ;CAPS III ;RUA 14, 140, CENTRO, Barretos, SP ;ANDRE LUIZ DE ALMEIDA VENTURA ;PSIQUIATRA ;Quinta ;Manhã;08:30;12:30;
CENTRO DE ATENÇÃO PSICOSOCIAL ;CAPS III ;RUA 14, 140, CENTRO, Barretos, SP ;ANDRE LUIZ DE ALMEIDA VENTURA ;PSIQUIATRA ;Sexta;Manhã;08:30;12:00;
CENTRO DE ATENÇÃO PSICOSOCIAL ;CAPS III ;RUA 14, 140, CENTRO, Barretos, SP ;ANA ROSA DE ABREU SILVA ;PSIQUIATRA ;Quarta;Manhã;07:00;11:00;
CENTRO DE ATENÇÃO PSICOSOCIAL ;CAPS III ;RUA 14, 140, CENTRO, Barretos, SP ;ANA ROSA DE ABREU SILVA ;PSIQUIATRA ;Segunda;Tarde;13:00;17:00;
CENTRO DE ATENÇÃO PSICOSOCIAL ;CAPS III ;RUA 14, 140, CENTRO, Barretos, SP ;ANA ROSA DE ABREU SILVA ;PSIQUIATRA ;Terça;Tarde;13:00;17:00;
CENTRO DE ATENÇÃO PSICOSOCIAL ;CAPS III ;RUA 14, 140, CENTRO, Barretos, SP ;ANA ROSA DE ABREU SILVA ;PSIQUIATRA ;Quarta;Tarde;13:00;17:00;
CENTRO DE ATENÇÃO PSICOSOCIAL ;CAPS III ;RUA 14, 140, CENTRO, Barretos, SP ;ANA ROSA DE ABREU SILVA ;PSIQUIATRA ;Quinta ;Tarde;13:00;17:00;
CENTRO DE ATENÇÃO PSICOSOCIAL ;CAPS III ;RUA 14, 140, CENTRO, Barretos, SP ;ANA ROSA DE ABREU SILVA ;PSIQUIATRA ;Sexta;Tarde;13:00;17:00;
AMBULATORIO DE SAUDE MENTAL DR MARIO SILVA ;ASM;RUA 40, 262,  BARONI, Barretos, SP ;FERNANDO UBAIZ AMSEI ;PSIQUIATRA ;Segunda;Manhã;07:30;11:00;
AMBULATORIO DE SAUDE MENTAL DR MARIO SILVA ;ASM;RUA 40, 262,  BARONI, Barretos, SP ;FERNANDO UBAIZ AMSEI ;PSIQUIATRA ;Terça;Manhã;07:30;11:30;
AMBULATORIO DE SAUDE MENTAL DR MARIO SILVA ;ASM;RUA 40, 262,  BARONI, Barretos, SP ;FERNANDO UBAIZ AMSEI ;PSIQUIATRA ;Segunda;Tarde;13:00;17:00;
AMBULATORIO DE SAUDE MENTAL DR MARIO SILVA ;ASM;RUA 40, 262,  BARONI, Barretos, SP ;FERNANDO UBAIZ AMSEI ;PSIQUIATRA ;Terça;Tarde;13:00;17:00;
AMBULATORIO DE SAUDE MENTAL DR MARIO SILVA ;ASM;RUA 40, 262,  BARONI, Barretos, SP ;IVAN SERGIO PETROUCIC ;PSIQUIATRA ;Terça;Tarde;13:00;17:00;
AMBULATORIO DE SAUDE MENTAL DR MARIO SILVA ;ASM;RUA 40, 262,  BARONI, Barretos, SP ;IVAN SERGIO PETROUCIC ;PSIQUIATRA ;Quarta;Manhã;07:00;11:00;
AMBULATORIO DE SAUDE MENTAL DR MARIO SILVA ;ASM;RUA 40, 262,  BARONI, Barretos, SP ;IVAN SERGIO PETROUCIC ;PSIQUIATRA ;Quinta ;Tarde;13:00;17:00;
AMBULATORIO DE SAUDE MENTAL DR MARIO SILVA ;ASM;RUA 40, 262,  BARONI, Barretos, SP ;IVAN SERGIO PETROUCIC ;PSIQUIATRA ;Sexta;Manhã;07:30;11:00;
AMBULATORIO DE SAUDE MENTAL DR MARIO SILVA ;ASM;RUA 40, 262,  BARONI, Barretos, SP ;FLAVIO MARTINS SHIMOMURA ;PSIQUIATRA ;Segunda;Manhã;07:00;12:00;
AMBULATORIO DE SAUDE MENTAL DR MARIO SILVA ;ASM;RUA 40, 262,  BARONI, Barretos, SP ;FLAVIO MARTINS SHIMOMURA ;PSIQUIATRA ;Terça;Manhã;08:00;12:00;
AMBULATORIO DE SAUDE MENTAL DR MARIO SILVA ;ASM;RUA 40, 262,  BARONI, Barretos, SP ;FLAVIO MARTINS SHIMOMURA ;PSIQUIATRA ;Quarta;Manhã;07:00;12:00;
AMBULATORIO DE SAUDE MENTAL DR MARIO SILVA ;ASM;RUA 40, 262,  BARONI, Barretos, SP ;FLAVIO MARTINS SHIMOMURA ;PSIQUIATRA ;Quinta ;Manhã;08:00;12:00;
AMBULATORIO DE SAUDE MENTAL DR MARIO SILVA ;ASM;RUA 40, 262,  BARONI, Barretos, SP ;FLAVIO MARTINS SHIMOMURA ;PSIQUIATRA ;Terça;Tarde;13:00;17:00;
AMBULATORIO DE SAUDE MENTAL DR MARIO SILVA ;ASM;RUA 40, 262,  BARONI, Barretos, SP ;LUCIANA AREIAS SURIAM ;PSIQUIATRA ;Segunda;Manhã;08:00;12:00;
AMBULATORIO DE SAUDE MENTAL DR MARIO SILVA ;ASM;RUA 40, 262,  BARONI, Barretos, SP ;LUCIANA AREIAS SURIAM ;PSIQUIATRA ;Terça;Manhã;07:00;12:00;
AMBULATORIO DE SAUDE MENTAL DR MARIO SILVA ;ASM;RUA 40, 262,  BARONI, Barretos, SP ;LUCIANA AREIAS SURIAM ;PSIQUIATRA ;Quarta;Manhã;08:00;12:00;
AMBULATORIO DE SAUDE MENTAL DR MARIO SILVA ;ASM;RUA 40, 262,  BARONI, Barretos, SP ;LUCIANA AREIAS SURIAM ;PSIQUIATRA ;Quinta ;Manhã;07:00;12:00;
AMBULATORIO DE SAUDE MENTAL DR MARIO SILVA ;ASM;RUA 40, 262,  BARONI, Barretos, SP ;LUCIANA AREIAS SURIAM ;PSIQUIATRA ;Sexta;Tarde;12:00;16:00;
AMBULATORIO DE SAUDE MENTAL DR MARIO SILVA ;ASM;RUA 40, 262,  BARONI, Barretos, SP ;LUCIANA AREIAS SURIAM ;PSIQUIATRA ;Terça;Tarde;13:00;17:00;
AMBULATORIO DE SAUDE MENTAL DR MARIO SILVA ;ASM;RUA 40, 262,  BARONI, Barretos, SP ;LUCIANA AREIAS SURIAM ;PSIQUIATRA ;Quinta ;Tarde;13:00;16:00;
AMBULATORIO DE SAUDE MENTAL DR MARIO SILVA ;ASM;RUA 40, 262,  BARONI, Barretos, SP ;RAQUEL APARECIDA REIS TEIXEIRA ;PSIQUIATRA ;Terça;Manhã;07:00;11:00;
AMBULATORIO DE SAUDE MENTAL DR MARIO SILVA ;ASM;RUA 40, 262,  BARONI, Barretos, SP ;RAQUEL APARECIDA REIS TEIXEIRA ;PSIQUIATRA ;Quinta ;Manhã;07:00;11:00;
AMBULATORIO DE SAUDE MENTAL DR MARIO SILVA ;ASM;RUA 40, 262,  BARONI, Barretos, SP ;RAQUEL APARECIDA REIS TEIXEIRA ;PSIQUIATRA ;Terça;Tarde;13:00;17:00;
AMBULATORIO DE SAUDE MENTAL DR MARIO SILVA ;ASM;RUA 40, 262,  BARONI, Barretos, SP ;RAQUEL APARECIDA REIS TEIXEIRA ;PSIQUIATRA ;Quinta ;Tarde;13:00;17:00;
CENTRO MUNICIPAL DE REABILITAÇÃO-SOLANGE LANA DE AVILA ;CMR;VIA CONSELHEIRO ANTONIO PRADO, 1365, Pedro Cavalini, Barretos, SP ;GEORGE KALIL FERREIRA ;VASCULAR ;Segunda;Manhã;07:00;12:00;
CENTRO MUNICIPAL DE REABILITAÇÃO-SOLANGE LANA DE AVILA ;CMR;VIA CONSELHEIRO ANTONIO PRADO, 1365, Pedro Cavalini, Barretos, SP ;GEORGE KALIL FERREIRA ;VASCULAR ;Terça;Manhã;07:00;12:00;
CENTRO MUNICIPAL DE REABILITAÇÃO-SOLANGE LANA DE AVILA ;CMR;VIA CONSELHEIRO ANTONIO PRADO, 1365, Pedro Cavalini, Barretos, SP ;GEORGE KALIL FERREIRA ;VASCULAR ;Quarta;Manhã;07:00;12:00;
CENTRO MUNICIPAL DE REABILITAÇÃO-SOLANGE LANA DE AVILA ;CMR;VIA CONSELHEIRO ANTONIO PRADO, 1365, Pedro Cavalini, Barretos, SP ;LYZETTE CRISTINA FRANCO E FRANCO ;PEDIATRA ;Quarta;Manhã;07:00;12:00;
CENTRO MUNICIPAL DE REABILITAÇÃO-SOLANGE LANA DE AVILA ;CMR;VIA CONSELHEIRO ANTONIO PRADO, 1365, Pedro Cavalini, Barretos, SP ;MARINA DE LIMA LUZ VIEIRA ;MEDICA CLINICA ;Segunda;Manhã;08:00;12:00;
CENTRO MUNICIPAL DE REABILITAÇÃO-SOLANGE LANA DE AVILA ;CMR;VIA CONSELHEIRO ANTONIO PRADO, 1365, Pedro Cavalini, Barretos, SP ;MARINA DE LIMA LUZ VIEIRA ;MEDICA CLINICA ;Quarta;Tarde;13:00;17:30;
CENTRO MUNICIPAL DE REABILITAÇÃO-SOLANGE LANA DE AVILA ;CMR;VIA CONSELHEIRO ANTONIO PRADO, 1365, Pedro Cavalini, Barretos, SP ;SILVIA PONTES STARZYNSK DARAKJIAN ;NEURO PED ;Segunda;Manhã;08:00;11:30;
CENTRO MUNICIPAL DE REABILITAÇÃO-SOLANGE LANA DE AVILA ;CMR;VIA CONSELHEIRO ANTONIO PRADO, 1365, Pedro Cavalini, Barretos, SP ;SILVIA PONTES STARZYNSK DARAKJIAN ;NEURO PED ;Terça;Manhã;09:00;12:00;
CENTRO MUNICIPAL DE REABILITAÇÃO-SOLANGE LANA DE AVILA ;CMR;VIA CONSELHEIRO ANTONIO PRADO, 1365, Pedro Cavalini, Barretos, SP ;SILVIA PONTES STARZYNSK DARAKJIAN ;NEURO PED ;Quarta;Manhã;10:00;11:30;
CENTRO MUNICIPAL DE REABILITAÇÃO-SOLANGE LANA DE AVILA ;CMR;VIA CONSELHEIRO ANTONIO PRADO, 1365, Pedro Cavalini, Barretos, SP ;SILVIA PONTES STARZYNSK DARAKJIAN ;NEURO PED ;Quinta ;Manhã;11:00;11:30;
CENTRO MUNICIPAL DE REABILITAÇÃO-SOLANGE LANA DE AVILA ;CMR;VIA CONSELHEIRO ANTONIO PRADO, 1365, Pedro Cavalini, Barretos, SP ;SILVIA PONTES STARZYNSK DARAKJIAN ;NEURO PED ;Sexta;Manhã;12:00;10:00;
CENTRO MUNICIPAL DE REABILITAÇÃO-SOLANGE LANA DE AVILA ;CMR;VIA CONSELHEIRO ANTONIO PRADO, 1365, Pedro Cavalini, Barretos, SP ;SILVIA PONTES STARZYNSK DARAKJIAN ;NEURO PED ;Terça;Tarde;14:00;17:30;
CENTRO MUNICIPAL DE REABILITAÇÃO-SOLANGE LANA DE AVILA ;CMR;VIA CONSELHEIRO ANTONIO PRADO, 1365, Pedro Cavalini, Barretos, SP ;THAIS KATAOKA HOMMA ;ENDOCRINO PED ;Segunda;Tarde;13:00;18:00;
CENTRO MUNICIPAL DE REABILITAÇÃO-SOLANGE LANA DE AVILA ;CMR;VIA CONSELHEIRO ANTONIO PRADO, 1365, Pedro Cavalini, Barretos, SP ;THAIS KATAOKA HOMMA ;ENDOCRINO PED ;Terça;Tarde;13:00;18:00;
CENTRO MUNICIPAL DE REABILITAÇÃO-SOLANGE LANA DE AVILA ;CMR;VIA CONSELHEIRO ANTONIO PRADO, 1365, Pedro Cavalini, Barretos, SP ;THAIS KATAOKA HOMMA ;ENDOCRINO PED ;Quarta;Tarde;13:00;18:00;
CENTRO MUNICIPAL DE REABILITAÇÃO-SOLANGE LANA DE AVILA ;CMR;VIA CONSELHEIRO ANTONIO PRADO, 1365, Pedro Cavalini, Barretos, SP ;THAIS KATAOKA HOMMA ;ENDOCRINO PED ;Sexta;Manhã;08:00;12:00;
CENTRO MUNICIPAL DE REABILITAÇÃO-SOLANGE LANA DE AVILA ;MELHOR EM CASA ;VIA CONSELHEIRO ANTONIO PRADO, 1365, Pedro Cavalini, Barretos, SP ;MARINA DE LIMA LUZ VIEIRA ;MEDICA CLINICA ;Segunda;Tarde;12:00;13:30;
CENTRO MUNICIPAL DE REABILITAÇÃO-SOLANGE LANA DE AVILA ;MELHOR EM CASA ;VIA CONSELHEIRO ANTONIO PRADO, 1365, Pedro Cavalini, Barretos, SP ;MARINA DE LIMA LUZ VIEIRA ;MEDICA CLINICA ;Terça;Manhã;08:00;12:30;
CENTRO MUNICIPAL DE REABILITAÇÃO-SOLANGE LANA DE AVILA ;MELHOR EM CASA ;VIA CONSELHEIRO ANTONIO PRADO, 1365, Pedro Cavalini, Barretos, SP ;MARINA DE LIMA LUZ VIEIRA ;MEDICA CLINICA ;Quarta;Manhã;08:00;12:30;
CENTRO MUNICIPAL DE REABILITAÇÃO-SOLANGE LANA DE AVILA ;MELHOR EM CASA ;VIA CONSELHEIRO ANTONIO PRADO, 1365, Pedro Cavalini, Barretos, SP ;MARINA DE LIMA LUZ VIEIRA ;MEDICA CLINICA ;Sexta;Manhã;08:00;12:30;
CENTRO MUNICIPAL DE REABILITAÇÃO-SOLANGE LANA DE AVILA ;MELHOR EM CASA ;VIA CONSELHEIRO ANTONIO PRADO, 1365, Pedro Cavalini, Barretos, SP ;MARINA DE LIMA LUZ VIEIRA ;MEDICA CLINICA ;Terça;Tarde;13:30;18:30;
CENTRO MUNICIPAL DE REABILITAÇÃO-SOLANGE LANA DE AVILA ;MELHOR EM CASA ;VIA CONSELHEIRO ANTONIO PRADO, 1365, Pedro Cavalini, Barretos, SP ;MARINA DE LIMA LUZ VIEIRA ;MEDICA CLINICA ;Quarta;Tarde;17:00;18:00;
CENTRO MUNICIPAL DE REABILITAÇÃO-SOLANGE LANA DE AVILA ;MELHOR EM CASA ;VIA CONSELHEIRO ANTONIO PRADO, 1365, Pedro Cavalini, Barretos, SP ;GABRIEL PEREIRA BOM;MEDICO CLINICO ;Segunda;Tarde;13:30;17:30;
CENTRO MUNICIPAL DE REABILITAÇÃO-SOLANGE LANA DE AVILA ;MELHOR EM CASA ;VIA CONSELHEIRO ANTONIO PRADO, 1365, Pedro Cavalini, Barretos, SP ;GABRIEL PEREIRA BOM;MEDICO CLINICO ;Terça;Tarde;13:30;17:30;
CENTRO MUNICIPAL DE REABILITAÇÃO-SOLANGE LANA DE AVILA ;MELHOR EM CASA ;VIA CONSELHEIRO ANTONIO PRADO, 1365, Pedro Cavalini, Barretos, SP ;GABRIEL PEREIRA BOM;MEDICO CLINICO ;Quarta;Tarde;13:30;17:30;
CENTRO MUNICIPAL DE REABILITAÇÃO-SOLANGE LANA DE AVILA ;MELHOR EM CASA ;VIA CONSELHEIRO ANTONIO PRADO, 1365, Pedro Cavalini, Barretos, SP ;GABRIEL PEREIRA BOM;MEDICO CLINICO ;Quinta ;Tarde;13:30;17:30;
CENTRO MUNICIPAL DE REABILITAÇÃO-SOLANGE LANA DE AVILA ;MELHOR EM CASA ;VIA CONSELHEIRO ANTONIO PRADO, 1365, Pedro Cavalini, Barretos, SP ;GABRIEL PEREIRA BOM;MEDICO CLINICO ;Sexta;Tarde;13:30;17:30;
CENTRO MUNICIPAL DE REABILITAÇÃO-SOLANGE LANA DE AVILA ;AMBULATÓRIO DE SAÚDE DO IDOSO ;VIA CONSELHEIRO ANTONIO PRADO, 1365, Pedro Cavalini, Barretos, SP ;MARCIO PIZZARO PIMENTA ;CLINICO GERAL ;Segunda;Tarde;13:00;17:00;
CENTRO MUNICIPAL DE REABILITAÇÃO-SOLANGE LANA DE AVILA ;AMBULATÓRIO DE SAÚDE DO IDOSO ;VIA CONSELHEIRO ANTONIO PRADO, 1365, Pedro Cavalini, Barretos, SP ;MARCIO PIZZARO PIMENTA ;CLINICO GERAL ;Quarta;Manhã;07:00;11:00;
CENTRO MUNICIPAL DE REABILITAÇÃO-SOLANGE LANA DE AVILA ;AMBULATÓRIO DE SAÚDE DO IDOSO ;VIA CONSELHEIRO ANTONIO PRADO, 1365, Pedro Cavalini, Barretos, SP ;MARCIO PIZZARO PIMENTA ;CLINICO GERAL ;Quinta ;Manhã;07:00;11:00;
CENTRO MUNICIPAL DE REABILITAÇÃO-SOLANGE LANA DE AVILA ;AMBULATÓRIO DE SAÚDE DO IDOSO ;VIA CONSELHEIRO ANTONIO PRADO, 1365, Pedro Cavalini, Barretos, SP ;MARCIO PIZZARO PIMENTA ;CLINICO GERAL ;Sexta;Tarde;13:00;17:00;
CENTRO MUNICIPAL DE REABILITAÇÃO-SOLANGE LANA DE AVILA ;AMBULATÓRIO DE SAÚDE DO IDOSO ;VIA CONSELHEIRO ANTONIO PRADO, 1365, Pedro Cavalini, Barretos, SP ;ISABELLA CAMACHO DOMINGUES ;GERIATRA ;Segunda;Tarde;13:00;17:00;
CENTRO MUNICIPAL DE REABILITAÇÃO-SOLANGE LANA DE AVILA ;AMBULATÓRIO DE SAÚDE DO IDOSO ;VIA CONSELHEIRO ANTONIO PRADO, 1365, Pedro Cavalini, Barretos, SP ;ISABELLA CAMACHO DOMINGUES ;GERIATRA ;Terça;Tarde;13:00;17:00;
CENTRO MUNICIPAL DE REABILITAÇÃO-SOLANGE LANA DE AVILA ;AMBULATÓRIO DE SAÚDE DO IDOSO ;VIA CONSELHEIRO ANTONIO PRADO, 1365, Pedro Cavalini, Barretos, SP ;ISABELLA CAMACHO DOMINGUES ;GERIATRA ;Quarta;Tarde;13:00;17:00;
CENTRO MUNICIPAL DE REABILITAÇÃO-SOLANGE LANA DE AVILA ;AMBULATÓRIO DE SAÚDE DO IDOSO ;VIA CONSELHEIRO ANTONIO PRADO, 1365, Pedro Cavalini, Barretos, SP ;ISABELLA CAMACHO DOMINGUES ;GERIATRA ;Quinta ;Tarde;13:00;17:00;
CENTRO MUNICIPAL DE REABILITAÇÃO-SOLANGE LANA DE AVILA ;AMBULATÓRIO DE SAÚDE DO IDOSO ;VIA CONSELHEIRO ANTONIO PRADO, 1365, Pedro Cavalini, Barretos, SP ;ISABELLA CAMACHO DOMINGUES ;GERIATRA ;Sexta;Tarde;13:00;17:00;
CENTRO MUNICIPAL DE REABILITAÇÃO-SOLANGE LANA DE AVILA ;AMBULATÓRIO DE SAÚDE DO IDOSO ;VIA CONSELHEIRO ANTONIO PRADO, 1365, Pedro Cavalini, Barretos, SP ;MESAQUE ROCHA DE ANDRADE ;CLINICO GERAL ;Segunda;Manhã;10:00;14:00;
CENTRO MUNICIPAL DE REABILITAÇÃO-SOLANGE LANA DE AVILA ;AMBULATÓRIO DE SAÚDE DO IDOSO ;VIA CONSELHEIRO ANTONIO PRADO, 1365, Pedro Cavalini, Barretos, SP ;MESAQUE ROCHA DE ANDRADE ;CLINICO GERAL ;Terça;Manhã;10:00;14:00;
CENTRO MUNICIPAL DE REABILITAÇÃO-SOLANGE LANA DE AVILA ;AMBULATÓRIO DE SAÚDE DO IDOSO ;VIA CONSELHEIRO ANTONIO PRADO, 1365, Pedro Cavalini, Barretos, SP ;MESAQUE ROCHA DE ANDRADE ;CLINICO GERAL ;Quarta;Manhã;10:00;14:00;
CENTRO MUNICIPAL DE REABILITAÇÃO-SOLANGE LANA DE AVILA ;AMBULATÓRIO DE SAÚDE DO IDOSO ;VIA CONSELHEIRO ANTONIO PRADO, 1365, Pedro Cavalini, Barretos, SP ;MESAQUE ROCHA DE ANDRADE ;CLINICO GERAL ;Quinta ;Manhã;10:00;14:00;
CENTRO MUNICIPAL DE REABILITAÇÃO-SOLANGE LANA DE AVILA ;AMBULATÓRIO DE SAÚDE DO IDOSO ;VIA CONSELHEIRO ANTONIO PRADO, 1365, Pedro Cavalini, Barretos, SP ;MESAQUE ROCHA DE ANDRADE ;CLINICO GERAL ;Sexta;Manhã;10:00;14:00;
CENTRO MUNICIPAL DE REABILITAÇÃO-SOLANGE LANA DE AVILA ;AMBULATÓRIO DE SAÚDE DO IDOSO ;VIA CONSELHEIRO ANTONIO PRADO, 1365, Pedro Cavalini, Barretos, SP ;ADEMAR TEIZO WATANABE ;ORTOPEDISTA;Segunda;Tarde;14:00;18:00;
CENTRO MUNICIPAL DE REABILITAÇÃO-SOLANGE LANA DE AVILA ;AMBULATÓRIO DE SAÚDE DO IDOSO ;VIA CONSELHEIRO ANTONIO PRADO, 1365, Pedro Cavalini, Barretos, SP ;ADEMAR TEIZO WATANABE ;ORTOPEDISTA;Terça;Tarde;14:00;18:00;
CENTRO MUNICIPAL DE REABILITAÇÃO-SOLANGE LANA DE AVILA ;AMBULATÓRIO DE SAÚDE DO IDOSO ;VIA CONSELHEIRO ANTONIO PRADO, 1365, Pedro Cavalini, Barretos, SP ;ADEMAR TEIZO WATANABE ;ORTOPEDISTA;Quarta;Tarde;14:00;18:00;
CENTRO MUNICIPAL DE REABILITAÇÃO-SOLANGE LANA DE AVILA ;AMBULATÓRIO DE SAÚDE DO IDOSO ;VIA CONSELHEIRO ANTONIO PRADO, 1365, Pedro Cavalini, Barretos, SP ;ADEMAR TEIZO WATANABE ;ORTOPEDISTA;Quinta ;Manhã;07:00;11:00;
CENTRO MUNICIPAL DE REABILITAÇÃO-SOLANGE LANA DE AVILA ;AMBULATÓRIO DE SAÚDE DO IDOSO ;VIA CONSELHEIRO ANTONIO PRADO, 1365, Pedro Cavalini, Barretos, SP ;ALEXANDRE DE DEUS SILVA ;ULTRASSONOGRAFISTA ;Segunda;Manhã;07:00;13:00;
CENTRO MUNICIPAL DE REABILITAÇÃO-SOLANGE LANA DE AVILA ;AMBULATÓRIO DE SAÚDE DO IDOSO ;VIA CONSELHEIRO ANTONIO PRADO, 1365, Pedro Cavalini, Barretos, SP ;ALEXANDRE DE DEUS SILVA ;ULTRASSONOGRAFISTA ;Quinta ;Tarde;13:00;18:00;
CENTRO MUNICIPAL DE REABILITAÇÃO-SOLANGE LANA DE AVILA ;AMBULATÓRIO DE SAÚDE DO IDOSO ;VIA CONSELHEIRO ANTONIO PRADO, 1365, Pedro Cavalini, Barretos, SP ;ALEXANDRE DE DEUS SILVA ;ULTRASSONOGRAFISTA ;Sexta;Tarde;13:00;18:00;
CENTRO MUNICIPAL DE REABILITAÇÃO-SOLANGE LANA DE AVILA ;AMBULATÓRIO DE SAÚDE DO IDOSO ;VIA CONSELHEIRO ANTONIO PRADO, 1365, Pedro Cavalini, Barretos, SP ;CAMILA AP SOUZA ELIAS CAVALLARI ;GINECOLOGISTA ;Terça;Manhã;07:30;13:30;
CENTRO MUNICIPAL DE REABILITAÇÃO-SOLANGE LANA DE AVILA ;AMBULATÓRIO DE SAÚDE DO IDOSO ;VIA CONSELHEIRO ANTONIO PRADO, 1365, Pedro Cavalini, Barretos, SP ;CAMILA AP SOUZA ELIAS CAVALLARI ;GINECOLOGISTA ;Quarta;Manhã;07:30;13:30;
CENTRO MUNICIPAL DE REABILITAÇÃO-SOLANGE LANA DE AVILA ;AMBULATÓRIO DE SAÚDE DO IDOSO ;VIA CONSELHEIRO ANTONIO PRADO, 1365, Pedro Cavalini, Barretos, SP ;CAMILA AP SOUZA ELIAS CAVALLARI ;GINECOLOGISTA ;Quinta ;Manhã;07:30;11:30;
CENTRO MUNICIPAL DE REABILITAÇÃO-SOLANGE LANA DE AVILA ;AMBULATÓRIO DE SAÚDE DO IDOSO ;VIA CONSELHEIRO ANTONIO PRADO, 1365, Pedro Cavalini, Barretos, SP ;CARLOS EDUARDO CAVALLARI ;ORTOPEDISTA;Segunda;Manhã;11:00;13:00;
CENTRO MUNICIPAL DE REABILITAÇÃO-SOLANGE LANA DE AVILA ;AMBULATÓRIO DE SAÚDE DO IDOSO ;VIA CONSELHEIRO ANTONIO PRADO, 1365, Pedro Cavalini, Barretos, SP ;CARLOS EDUARDO CAVALLARI ;ORTOPEDISTA;Terça;Manhã;07:00;12:00;
CENTRO MUNICIPAL DE REABILITAÇÃO-SOLANGE LANA DE AVILA ;AMBULATÓRIO DE SAÚDE DO IDOSO ;VIA CONSELHEIRO ANTONIO PRADO, 1365, Pedro Cavalini, Barretos, SP ;CARLOS EDUARDO CAVALLARI ;ORTOPEDISTA;Quarta;Tarde;17:00;19:00;
CENTRO MUNICIPAL DE REABILITAÇÃO-SOLANGE LANA DE AVILA ;AMBULATÓRIO DE SAÚDE DO IDOSO ;VIA CONSELHEIRO ANTONIO PRADO, 1365, Pedro Cavalini, Barretos, SP ;CARLOS EDUARDO CAVALLARI ;ORTOPEDISTA;Quinta ;Manhã;10:00;12:00;
CENTRO MUNICIPAL DE REABILITAÇÃO-SOLANGE LANA DE AVILA ;AMBULATÓRIO DE SAÚDE DO IDOSO ;VIA CONSELHEIRO ANTONIO PRADO, 1365, Pedro Cavalini, Barretos, SP ;CARLOS EDUARDO CAVALLARI ;ORTOPEDISTA;Sexta;Manhã;09:00;13:00;
CENTRO MUNICIPAL DE REABILITAÇÃO-SOLANGE LANA DE AVILA ;AMBULATÓRIO DE SAÚDE DO IDOSO ;VIA CONSELHEIRO ANTONIO PRADO, 1365, Pedro Cavalini, Barretos, SP ;CARLOS EDUARDO CAVALLARI ;ORTOPEDISTA;Terça;Tarde;13:00;19:00;
CENTRO MUNICIPAL DE REABILITAÇÃO-SOLANGE LANA DE AVILA ;AMBULATÓRIO DE SAÚDE DO IDOSO ;VIA CONSELHEIRO ANTONIO PRADO, 1365, Pedro Cavalini, Barretos, SP ;CARLOS EDUARDO CAVALLARI ;ORTOPEDISTA;Sexta;Tarde;15:00;17:00;
CENTRO MUNICIPAL DE REABILITAÇÃO-SOLANGE LANA DE AVILA ;AMBULATÓRIO DE SAÚDE DO IDOSO ;VIA CONSELHEIRO ANTONIO PRADO, 1365, Pedro Cavalini, Barretos, SP ;DANIELE FOSSALUSSA NESPOLO ;OFTALMOLOGISTA ;Terça;Manhã;07:50;11:20;
CENTRO MUNICIPAL DE REABILITAÇÃO-SOLANGE LANA DE AVILA ;AMBULATÓRIO DE SAÚDE DO IDOSO ;VIA CONSELHEIRO ANTONIO PRADO, 1365, Pedro Cavalini, Barretos, SP ;DANIELE FOSSALUSSA NESPOLO ;OFTALMOLOGISTA ;Quarta;Manhã;07:50;11:20;
CENTRO MUNICIPAL DE REABILITAÇÃO-SOLANGE LANA DE AVILA ;AMBULATÓRIO DE SAÚDE DO IDOSO ;VIA CONSELHEIRO ANTONIO PRADO, 1365, Pedro Cavalini, Barretos, SP ;DANIELE FOSSALUSSA NESPOLO ;OFTALMOLOGISTA ;Quinta ;Manhã;07:50;11:20;
CENTRO MUNICIPAL DE REABILITAÇÃO-SOLANGE LANA DE AVILA ;AMBULATÓRIO DE SAÚDE DO IDOSO ;VIA CONSELHEIRO ANTONIO PRADO, 1365, Pedro Cavalini, Barretos, SP ;DANIELE FOSSALUSSA NESPOLO ;OFTALMOLOGISTA ;Terça;Tarde;13:00;16:00;
CENTRO MUNICIPAL DE REABILITAÇÃO-SOLANGE LANA DE AVILA ;AMBULATÓRIO DE SAÚDE DO IDOSO ;VIA CONSELHEIRO ANTONIO PRADO, 1365, Pedro Cavalini, Barretos, SP ;DANIELE FOSSALUSSA NESPOLO ;OFTALMOLOGISTA ;Quarta;Tarde;13:00;16:00;
CENTRO MUNICIPAL DE REABILITAÇÃO-SOLANGE LANA DE AVILA ;AMBULATÓRIO DE SAÚDE DO IDOSO ;VIA CONSELHEIRO ANTONIO PRADO, 1365, Pedro Cavalini, Barretos, SP ;DANIELE FOSSALUSSA NESPOLO ;OFTALMOLOGISTA ;Quinta ;Tarde;13:00;16:00;
CENTRO MUNICIPAL DE REABILITAÇÃO-SOLANGE LANA DE AVILA ;AMBULATÓRIO DE SAÚDE DO IDOSO ;VIA CONSELHEIRO ANTONIO PRADO, 1365, Pedro Cavalini, Barretos, SP ;DURAYD EL DROUBI ;ULTRASSONOGRAFISTA ;Segunda;Manhã;07:00;11:00;
CENTRO MUNICIPAL DE REABILITAÇÃO-SOLANGE LANA DE AVILA ;AMBULATÓRIO DE SAÚDE DO IDOSO ;VIA CONSELHEIRO ANTONIO PRADO, 1365, Pedro Cavalini, Barretos, SP ;DURAYD EL DROUBI ;ULTRASSONOGRAFISTA ;Terça;Manhã;07:00;11:00;
CENTRO MUNICIPAL DE REABILITAÇÃO-SOLANGE LANA DE AVILA ;AMBULATÓRIO DE SAÚDE DO IDOSO ;VIA CONSELHEIRO ANTONIO PRADO, 1365, Pedro Cavalini, Barretos, SP ;DURAYD EL DROUBI ;ULTRASSONOGRAFISTA ;Quarta;Tarde;13:00;16:00;
CENTRO MUNICIPAL DE REABILITAÇÃO-SOLANGE LANA DE AVILA ;AMBULATÓRIO DE SAÚDE DO IDOSO ;VIA CONSELHEIRO ANTONIO PRADO, 1365, Pedro Cavalini, Barretos, SP ;DURAYD EL DROUBI ;ULTRASSONOGRAFISTA ;Sexta;Manhã;08:00;11:00;
CENTRO MUNICIPAL DE REABILITAÇÃO-SOLANGE LANA DE AVILA ;AMBULATÓRIO DE SAÚDE DO IDOSO ;VIA CONSELHEIRO ANTONIO PRADO, 1365, Pedro Cavalini, Barretos, SP ;DURAYD EL DROUBI ;ULTRASSONOGRAFISTA ;Segunda;Tarde;13:00;15:00;
CENTRO MUNICIPAL DE REABILITAÇÃO-SOLANGE LANA DE AVILA ;AMBULATÓRIO DE SAÚDE DO IDOSO ;VIA CONSELHEIRO ANTONIO PRADO, 1365, Pedro Cavalini, Barretos, SP ;DANIEL GODOI BERNARDES DA SILVA ;CARDIOLOGISTA;Segunda;Manhã;07:00;12:00;
CENTRO MUNICIPAL DE REABILITAÇÃO-SOLANGE LANA DE AVILA ;AMBULATÓRIO DE SAÚDE DO IDOSO ;VIA CONSELHEIRO ANTONIO PRADO, 1365, Pedro Cavalini, Barretos, SP ;DANIEL GODOI BERNARDES DA SILVA ;CARDIOLOGISTA;Segunda;Tarde;13:00;18:00;
CENTRO MUNICIPAL DE REABILITAÇÃO-SOLANGE LANA DE AVILA ;AMBULATÓRIO DE SAÚDE DO IDOSO ;VIA CONSELHEIRO ANTONIO PRADO, 1365, Pedro Cavalini, Barretos, SP ;DANIEL GODOI BERNARDES DA SILVA ;CARDIOLOGISTA;Quarta;Manhã;07:00;12:00;
CENTRO MUNICIPAL DE REABILITAÇÃO-SOLANGE LANA DE AVILA ;AMBULATÓRIO DE SAÚDE DO IDOSO ;VIA CONSELHEIRO ANTONIO PRADO, 1365, Pedro Cavalini, Barretos, SP ;DANIEL GODOI BERNARDES DA SILVA;CARDIOLOGISTA;Quarta;Tarde;13:00;18:00;
CENTRO MUNICIPAL DE REABILITAÇÃO-SOLANGE LANA DE AVILA ;AMBULATÓRIO DE SAÚDE DO IDOSO ;VIA CONSELHEIRO ANTONIO PRADO, 1365, Pedro Cavalini, Barretos, SP ;DANIELE REZEK;CARDIOLOGISTA;Segunda;Manhã;08:00;12:00;
CENTRO MUNICIPAL DE REABILITAÇÃO-SOLANGE LANA DE AVILA ;AMBULATÓRIO DE SAÚDE DO IDOSO ;VIA CONSELHEIRO ANTONIO PRADO, 1365, Pedro Cavalini, Barretos, SP ;DANIELE REZEK;CARDIOLOGISTA;Terça;Manhã;08:00;12:00;
CENTRO MUNICIPAL DE REABILITAÇÃO-SOLANGE LANA DE AVILA ;AMBULATÓRIO DE SAÚDE DO IDOSO ;VIA CONSELHEIRO ANTONIO PRADO, 1365, Pedro Cavalini, Barretos, SP ;DANIELE REZEK;CARDIOLOGISTA;Quarta;Manhã;08:00;12:00;
CENTRO MUNICIPAL DE REABILITAÇÃO-SOLANGE LANA DE AVILA ;AMBULATÓRIO DE SAÚDE DO IDOSO ;VIA CONSELHEIRO ANTONIO PRADO, 1365, Pedro Cavalini, Barretos, SP ;DANIELE REZEK;CARDIOLOGISTA;Quinta ;Manhã;09:00;12:00;
CENTRO MUNICIPAL DE REABILITAÇÃO-SOLANGE LANA DE AVILA ;AMBULATÓRIO DE SAÚDE DO IDOSO ;VIA CONSELHEIRO ANTONIO PRADO, 1365, Pedro Cavalini, Barretos, SP ;DANIELE REZEK;CARDIOLOGISTA;Sexta;Manhã;08:00;12:00;
CENTRO MUNICIPAL DE REABILITAÇÃO-SOLANGE LANA DE AVILA ;AMBULATÓRIO DE SAÚDE DO IDOSO ;VIA CONSELHEIRO ANTONIO PRADO, 1365, Pedro Cavalini, Barretos, SP ;DANIELE REZEK;CARDIOLOGISTA;Quarta;Tarde;13:00;16:00;
CENTRO MUNICIPAL DE REABILITAÇÃO-SOLANGE LANA DE AVILA ;AMBULATÓRIO DE SAÚDE DO IDOSO ;VIA CONSELHEIRO ANTONIO PRADO, 1365, Pedro Cavalini, Barretos, SP ;EDMUNDO PEREIRA CAPARELLI DE OLIVEIRA;CARDIOLOGISTA;Segunda;Tarde;14:00;18:00;
CENTRO MUNICIPAL DE REABILITAÇÃO-SOLANGE LANA DE AVILA ;AMBULATÓRIO DE SAÚDE DO IDOSO ;VIA CONSELHEIRO ANTONIO PRADO, 1365, Pedro Cavalini, Barretos, SP ;EDMUNDO PEREIRA CAPARELLI DE OLIVEIRA;CARDIOLOGISTA;Terça;Tarde;14:00;18:00;
CENTRO MUNICIPAL DE REABILITAÇÃO-SOLANGE LANA DE AVILA ;AMBULATÓRIO DE SAÚDE DO IDOSO ;VIA CONSELHEIRO ANTONIO PRADO, 1365, Pedro Cavalini, Barretos, SP ;EDMUNDO PEREIRA CAPARELLI DE OLIVEIRA;CARDIOLOGISTA;Quarta;Tarde;13:00;17:00;
CENTRO MUNICIPAL DE REABILITAÇÃO-SOLANGE LANA DE AVILA ;AMBULATÓRIO DE SAÚDE DO IDOSO ;VIA CONSELHEIRO ANTONIO PRADO, 1365, Pedro Cavalini, Barretos, SP ;EDMUNDO PEREIRA CAPARELLI DE OLIVEIRA;CARDIOLOGISTA;Segunda;Tarde;14:00;18:00;
CENTRO MUNICIPAL DE REABILITAÇÃO-SOLANGE LANA DE AVILA ;AMBULATÓRIO DE SAÚDE DO IDOSO ;VIA CONSELHEIRO ANTONIO PRADO, 1365, Pedro Cavalini, Barretos, SP ;EDUARDO SEGOVIA BADRA;CARDIOLOGISTA;Terça;Manhã;07:00;12:00;
CENTRO MUNICIPAL DE REABILITAÇÃO-SOLANGE LANA DE AVILA ;AMBULATÓRIO DE SAÚDE DO IDOSO ;VIA CONSELHEIRO ANTONIO PRADO, 1365, Pedro Cavalini, Barretos, SP ;EDUARDO SEGOVIA BADRA;CARDIOLOGISTA;Terça;Tarde;13:00;17:00;
CENTRO MUNICIPAL DE REABILITAÇÃO-SOLANGE LANA DE AVILA ;AMBULATÓRIO DE SAÚDE DO IDOSO ;VIA CONSELHEIRO ANTONIO PRADO, 1365, Pedro Cavalini, Barretos, SP ;EDUARDO SEGOVIA BADRA;CARDIOLOGISTA;Quinta ;Manhã;07:00;12:00;
CENTRO MUNICIPAL DE REABILITAÇÃO-SOLANGE LANA DE AVILA ;AMBULATÓRIO DE SAÚDE DO IDOSO ;VIA CONSELHEIRO ANTONIO PRADO, 1365, Pedro Cavalini, Barretos, SP ;FERNANDA MARINI;GINECOLOGISTA;Segunda;Tarde;13:30;17:30;
CENTRO MUNICIPAL DE REABILITAÇÃO-SOLANGE LANA DE AVILA ;AMBULATÓRIO DE SAÚDE DO IDOSO ;VIA CONSELHEIRO ANTONIO PRADO, 1365, Pedro Cavalini, Barretos, SP ;FERNANDA MARINI;GINECOLOGISTA;Terça;Tarde;13:30;17:30;
CENTRO MUNICIPAL DE REABILITAÇÃO-SOLANGE LANA DE AVILA ;AMBULATÓRIO DE SAÚDE DO IDOSO ;VIA CONSELHEIRO ANTONIO PRADO, 1365, Pedro Cavalini, Barretos, SP ;FERNANDO ROBERTO ALVES PEREIRA;ORTOPEDISTA;Segunda;Manhã;07:00;12:00;
CENTRO MUNICIPAL DE REABILITAÇÃO-SOLANGE LANA DE AVILA ;AMBULATÓRIO DE SAÚDE DO IDOSO ;VIA CONSELHEIRO ANTONIO PRADO, 1365, Pedro Cavalini, Barretos, SP ;FERNANDO ROBERTO ALVES PEREIRA;ORTOPEDISTA;Quinta ;Manhã;07:00;12:30;
CENTRO MUNICIPAL DE REABILITAÇÃO-SOLANGE LANA DE AVILA ;AMBULATÓRIO DE SAÚDE DO IDOSO ;VIA CONSELHEIRO ANTONIO PRADO, 1365, Pedro Cavalini, Barretos, SP ;FERNANDO ROBERTO ALVES PEREIRA;ORTOPEDISTA;Sexta;Manhã;07:00;12:30;
CENTRO MUNICIPAL DE REABILITAÇÃO-SOLANGE LANA DE AVILA ;AMBULATÓRIO DE SAÚDE DO IDOSO ;VIA CONSELHEIRO ANTONIO PRADO, 1365, Pedro Cavalini, Barretos, SP ;FERNANDO ROBERTO ALVES PEREIRA;ORTOPEDISTA;Segunda;Tarde;13:00;17:00;
CENTRO MUNICIPAL DE REABILITAÇÃO-SOLANGE LANA DE AVILA ;AMBULATÓRIO DE SAÚDE DO IDOSO ;VIA CONSELHEIRO ANTONIO PRADO, 1365, Pedro Cavalini, Barretos, SP ;FERNANDO ROBERTO ALVES PEREIRA;ORTOPEDISTA;Quinta ;Tarde;13:30;15:30;
CENTRO MUNICIPAL DE REABILITAÇÃO-SOLANGE LANA DE AVILA ;AMBULATÓRIO DE SAÚDE DO IDOSO ;VIA CONSELHEIRO ANTONIO PRADO, 1365, Pedro Cavalini, Barretos, SP ;FUAD JORGE DAHER;UROLOGISTA;Segunda;Manhã;09:00;11:00;
CENTRO MUNICIPAL DE REABILITAÇÃO-SOLANGE LANA DE AVILA ;AMBULATÓRIO DE SAÚDE DO IDOSO ;VIA CONSELHEIRO ANTONIO PRADO, 1365, Pedro Cavalini, Barretos, SP ;FUAD JORGE DAHER;UROLOGISTA;Terça;Manhã;09:00;11:00;
CENTRO MUNICIPAL DE REABILITAÇÃO-SOLANGE LANA DE AVILA ;AMBULATÓRIO DE SAÚDE DO IDOSO ;VIA CONSELHEIRO ANTONIO PRADO, 1365, Pedro Cavalini, Barretos, SP ;FUAD JORGE DAHER;UROLOGISTA;Sexta;Manhã;09:00;11:00;
CENTRO MUNICIPAL DE REABILITAÇÃO-SOLANGE LANA DE AVILA ;AMBULATÓRIO DE SAÚDE DO IDOSO ;VIA CONSELHEIRO ANTONIO PRADO, 1365, Pedro Cavalini, Barretos, SP ;GEORGE KALIL FERREIRA;VASCULAR;Segunda;Tarde;13:00;17:00;
CENTRO MUNICIPAL DE REABILITAÇÃO-SOLANGE LANA DE AVILA ;AMBULATÓRIO DE SAÚDE DO IDOSO ;VIA CONSELHEIRO ANTONIO PRADO, 1365, Pedro Cavalini, Barretos, SP ;GUILHERME MANZAN DUARTE;GINECOLOGISTA;Segunda;Tarde;14:00;17:00;
CENTRO MUNICIPAL DE REABILITAÇÃO-SOLANGE LANA DE AVILA ;AMBULATÓRIO DE SAÚDE DO IDOSO ;VIA CONSELHEIRO ANTONIO PRADO, 1365, Pedro Cavalini, Barretos, SP ;GUILHERME DE OLIVEIRA WILMAN;NEFROLOGISTA;Terça;Tarde;13:00;19:00;
CENTRO MUNICIPAL DE REABILITAÇÃO-SOLANGE LANA DE AVILA ;AMBULATÓRIO DE SAÚDE DO IDOSO ;VIA CONSELHEIRO ANTONIO PRADO, 1365, Pedro Cavalini, Barretos, SP ;GUILHERME DE OLIVEIRA WILMAN;NEFROLOGISTA;Quarta;Tarde;13:00;19:00;
CENTRO MUNICIPAL DE REABILITAÇÃO-SOLANGE LANA DE AVILA ;AMBULATÓRIO DE SAÚDE DO IDOSO ;VIA CONSELHEIRO ANTONIO PRADO, 1365, Pedro Cavalini, Barretos, SP ;GUILHERME DE OLIVEIRA WILMAN;NEFROLOGISTA;Quinta ;Tarde;13:00;19:00;
CENTRO MUNICIPAL DE REABILITAÇÃO-SOLANGE LANA DE AVILA ;AMBULATÓRIO DE SAÚDE DO IDOSO ;VIA CONSELHEIRO ANTONIO PRADO, 1365, Pedro Cavalini, Barretos, SP ;GUILHERME SPINA;PROCTOLOGISTA;Segunda;Manhã;07:00;13:00;
CENTRO MUNICIPAL DE REABILITAÇÃO-SOLANGE LANA DE AVILA ;AMBULATÓRIO DE SAÚDE DO IDOSO ;VIA CONSELHEIRO ANTONIO PRADO, 1365, Pedro Cavalini, Barretos, SP ;GUILHERME SPINA;PROCTOLOGISTA;Terça;Tarde;13:00;18:00;
CENTRO MUNICIPAL DE REABILITAÇÃO-SOLANGE LANA DE AVILA ;AMBULATÓRIO DE SAÚDE DO IDOSO ;VIA CONSELHEIRO ANTONIO PRADO, 1365, Pedro Cavalini, Barretos, SP ;HAMYLTON MAXIMILIANO S. NETO;OTORRINOLARINGOLOGISTA;Segunda;Manhã;06:30;11:30;
CENTRO MUNICIPAL DE REABILITAÇÃO-SOLANGE LANA DE AVILA ;AMBULATÓRIO DE SAÚDE DO IDOSO ;VIA CONSELHEIRO ANTONIO PRADO, 1365, Pedro Cavalini, Barretos, SP ;HAMYLTON MAXIMILIANO S. NETO;OTORRINOLARINGOLOGISTA;Terça;Manhã;06:30;10:30;
CENTRO MUNICIPAL DE REABILITAÇÃO-SOLANGE LANA DE AVILA ;AMBULATÓRIO DE SAÚDE DO IDOSO ;VIA CONSELHEIRO ANTONIO PRADO, 1365, Pedro Cavalini, Barretos, SP ;HAMYLTON MAXIMILIANO S. NETO;OTORRINOLARINGOLOGISTA;Quarta;Manhã;06:30;12:00;
CENTRO MUNICIPAL DE REABILITAÇÃO-SOLANGE LANA DE AVILA ;AMBULATÓRIO DE SAÚDE DO IDOSO ;VIA CONSELHEIRO ANTONIO PRADO, 1365, Pedro Cavalini, Barretos, SP ;HAMYLTON MAXIMILIANO S. NETO;OTORRINOLARINGOLOGISTA;Quinta ;Manhã;06:30;12:00;
CENTRO MUNICIPAL DE REABILITAÇÃO-SOLANGE LANA DE AVILA ;AMBULATÓRIO DE SAÚDE DO IDOSO ;VIA CONSELHEIRO ANTONIO PRADO, 1365, Pedro Cavalini, Barretos, SP ;HAMYLTON MAXIMILIANO S. NETO;OTORRINOLARINGOLOGISTA;Sexta;Manhã;06:30;10:30;
CENTRO MUNICIPAL DE REABILITAÇÃO-SOLANGE LANA DE AVILA ;AMBULATÓRIO DE SAÚDE DO IDOSO ;VIA CONSELHEIRO ANTONIO PRADO, 1365, Pedro Cavalini, Barretos, SP ;IARA MACHADO MOTA;CARDIOLOGISTA;Segunda;Tarde;13:00;17:00;
CENTRO MUNICIPAL DE REABILITAÇÃO-SOLANGE LANA DE AVILA ;AMBULATÓRIO DE SAÚDE DO IDOSO ;VIA CONSELHEIRO ANTONIO PRADO, 1365, Pedro Cavalini, Barretos, SP ;IARA MACHADO MOTA;CARDIOLOGISTA;Terça;Tarde;13:00;17:00;
CENTRO MUNICIPAL DE REABILITAÇÃO-SOLANGE LANA DE AVILA ;AMBULATÓRIO DE SAÚDE DO IDOSO ;VIA CONSELHEIRO ANTONIO PRADO, 1365, Pedro Cavalini, Barretos, SP ;IARA MACHADO MOTA;CARDIOLOGISTA;Quinta ;Tarde;13:00;17:00;
CENTRO MUNICIPAL DE REABILITAÇÃO-SOLANGE LANA DE AVILA ;AMBULATÓRIO DE SAÚDE DO IDOSO ;VIA CONSELHEIRO ANTONIO PRADO, 1365, Pedro Cavalini, Barretos, SP ;IARA MACHADO MOTA;CARDIOLOGISTA;Sexta;Tarde;13:00;17:00;
CENTRO MUNICIPAL DE REABILITAÇÃO-SOLANGE LANA DE AVILA ;AMBULATÓRIO DE SAÚDE DO IDOSO ;VIA CONSELHEIRO ANTONIO PRADO, 1365, Pedro Cavalini, Barretos, SP ;ILARIO NOBRE MAUCH;PEQUENA CIRURGIA;Segunda;Manhã;07:00;13:00;
CENTRO MUNICIPAL DE REABILITAÇÃO-SOLANGE LANA DE AVILA ;AMBULATÓRIO DE SAÚDE DO IDOSO ;VIA CONSELHEIRO ANTONIO PRADO, 1365, Pedro Cavalini, Barretos, SP ;ILARIO NOBRE MAUCH;PEQUENA CIRURGIA;Terça;Manhã;07:00;13:00;
CENTRO MUNICIPAL DE REABILITAÇÃO-SOLANGE LANA DE AVILA ;AMBULATÓRIO DE SAÚDE DO IDOSO ;VIA CONSELHEIRO ANTONIO PRADO, 1365, Pedro Cavalini, Barretos, SP ;ILARIO NOBRE MAUCH;PEQUENA CIRURGIA;Quarta;Manhã;07:00;13:00;
CENTRO MUNICIPAL DE REABILITAÇÃO-SOLANGE LANA DE AVILA ;AMBULATÓRIO DE SAÚDE DO IDOSO ;VIA CONSELHEIRO ANTONIO PRADO, 1365, Pedro Cavalini, Barretos, SP ;ILARIO NOBRE MAUCH;PEQUENA CIRURGIA;Quinta ;Manhã;07:00;13:00;
CENTRO MUNICIPAL DE REABILITAÇÃO-SOLANGE LANA DE AVILA ;AMBULATÓRIO DE SAÚDE DO IDOSO ;VIA CONSELHEIRO ANTONIO PRADO, 1365, Pedro Cavalini, Barretos, SP ;ILARIO NOBRE MAUCH;PEQUENA CIRURGIA;Sexta;Manhã;07:00;13:00;
CENTRO MUNICIPAL DE REABILITAÇÃO-SOLANGE LANA DE AVILA ;AMBULATÓRIO DE SAÚDE DO IDOSO ;VIA CONSELHEIRO ANTONIO PRADO, 1365, Pedro Cavalini, Barretos, SP ;IVY DE TOLEDO RIBEIRO PIMENTA;ULTRASSONOGRAFISTA;Quarta;Tarde;14:00;18:00;
CENTRO MUNICIPAL DE REABILITAÇÃO-SOLANGE LANA DE AVILA ;AMBULATÓRIO DE SAÚDE DO IDOSO ;VIA CONSELHEIRO ANTONIO PRADO, 1365, Pedro Cavalini, Barretos, SP ;IVY DE TOLEDO RIBEIRO PIMENTA;ULTRASSONOGRAFISTA;Quinta ;Tarde;14:00;18:00;
CENTRO MUNICIPAL DE REABILITAÇÃO-SOLANGE LANA DE AVILA ;AMBULATÓRIO DE SAÚDE DO IDOSO ;VIA CONSELHEIRO ANTONIO PRADO, 1365, Pedro Cavalini, Barretos, SP ;IVY DE TOLEDO RIBEIRO PIMENTA;ULTRASSONOGRAFISTA;Sexta;Manhã;07:00;12:00;
CENTRO MUNICIPAL DE REABILITAÇÃO-SOLANGE LANA DE AVILA ;AMBULATÓRIO DE SAÚDE DO IDOSO ;VIA CONSELHEIRO ANTONIO PRADO, 1365, Pedro Cavalini, Barretos, SP ;IVY DE TOLEDO RIBEIRO PIMENTA;ULTRASSONOGRAFISTA;Sexta;Tarde;13:00;19:00;
CENTRO MUNICIPAL DE REABILITAÇÃO-SOLANGE LANA DE AVILA ;AMBULATÓRIO DE SAÚDE DO IDOSO ;VIA CONSELHEIRO ANTONIO PRADO, 1365, Pedro Cavalini, Barretos, SP ;JAQUES GARCIA BARBOSA;GASTROENTEROLOGISTA;Segunda;Manhã;07:00;13:00;
CENTRO MUNICIPAL DE REABILITAÇÃO-SOLANGE LANA DE AVILA ;AMBULATÓRIO DE SAÚDE DO IDOSO ;VIA CONSELHEIRO ANTONIO PRADO, 1365, Pedro Cavalini, Barretos, SP ;JAQUES GARCIA BARBOSA;GASTROENTEROLOGISTA;Terça;Manhã;07:00;13:00;
CENTRO MUNICIPAL DE REABILITAÇÃO-SOLANGE LANA DE AVILA ;AMBULATÓRIO DE SAÚDE DO IDOSO ;VIA CONSELHEIRO ANTONIO PRADO, 1365, Pedro Cavalini, Barretos, SP ;JAQUES GARCIA BARBOSA;GASTROENTEROLOGISTA;Quarta;Manhã;07:00;13:00;
CENTRO MUNICIPAL DE REABILITAÇÃO-SOLANGE LANA DE AVILA ;AMBULATÓRIO DE SAÚDE DO IDOSO ;VIA CONSELHEIRO ANTONIO PRADO, 1365, Pedro Cavalini, Barretos, SP ;JAQUES GARCIA BARBOSA;GASTROENTEROLOGISTA;Quinta ;Manhã;07:00;13:00;
CENTRO MUNICIPAL DE REABILITAÇÃO-SOLANGE LANA DE AVILA ;AMBULATÓRIO DE SAÚDE DO IDOSO ;VIA CONSELHEIRO ANTONIO PRADO, 1365, Pedro Cavalini, Barretos, SP ;JAQUES GARCIA BARBOSA;GASTROENTEROLOGISTA;Sexta;Tarde;15:00;19:00;
CENTRO MUNICIPAL DE REABILITAÇÃO-SOLANGE LANA DE AVILA ;AMBULATÓRIO DE SAÚDE DO IDOSO ;VIA CONSELHEIRO ANTONIO PRADO, 1365, Pedro Cavalini, Barretos, SP ;JOÃO CARLOS CICOGNA PAIOLO;ENDOCRINOLOGISTA;Segunda;Tarde;13:00;18:30;
CENTRO MUNICIPAL DE REABILITAÇÃO-SOLANGE LANA DE AVILA ;AMBULATÓRIO DE SAÚDE DO IDOSO ;VIA CONSELHEIRO ANTONIO PRADO, 1365, Pedro Cavalini, Barretos, SP ;JOÃO CARLOS CICOGNA PAIOLO;ENDOCRINOLOGISTA;Terça;Tarde;13:30;18:30;
CENTRO MUNICIPAL DE REABILITAÇÃO-SOLANGE LANA DE AVILA ;AMBULATÓRIO DE SAÚDE DO IDOSO ;VIA CONSELHEIRO ANTONIO PRADO, 1365, Pedro Cavalini, Barretos, SP ;JOÃO CARLOS CICOGNA PAIOLO;ENDOCRINOLOGISTA;Quarta;Tarde;13:30;18:30;
CENTRO MUNICIPAL DE REABILITAÇÃO-SOLANGE LANA DE AVILA ;AMBULATÓRIO DE SAÚDE DO IDOSO ;VIA CONSELHEIRO ANTONIO PRADO, 1365, Pedro Cavalini, Barretos, SP ;JOÃO CARLOS CICOGNA PAIOLO;ENDOCRINOLOGISTA;Quinta ;Tarde;13:30;18:30;
CENTRO MUNICIPAL DE REABILITAÇÃO-SOLANGE LANA DE AVILA ;AMBULATÓRIO DE SAÚDE DO IDOSO ;VIA CONSELHEIRO ANTONIO PRADO, 1365, Pedro Cavalini, Barretos, SP ;JOÃO CARLOS CICOGNA PAIOLO;ENDOCRINOLOGISTA;Sexta;Manhã;07:00;12:00;
CENTRO MUNICIPAL DE REABILITAÇÃO-SOLANGE LANA DE AVILA ;AMBULATÓRIO DE SAÚDE DO IDOSO ;VIA CONSELHEIRO ANTONIO PRADO, 1365, Pedro Cavalini, Barretos, SP ;JULIANA PERARO MIGUEL BARBOSA;OTORRINOLARINGOLOGISTA;Segunda;Manhã;07:00;12:00;
CENTRO MUNICIPAL DE REABILITAÇÃO-SOLANGE LANA DE AVILA ;AMBULATÓRIO DE SAÚDE DO IDOSO ;VIA CONSELHEIRO ANTONIO PRADO, 1365, Pedro Cavalini, Barretos, SP ;JULIANA PERARO MIGUEL BARBOSA;OTORRINOLARINGOLOGISTA;Terça;Manhã;07:00;12:00;
CENTRO MUNICIPAL DE REABILITAÇÃO-SOLANGE LANA DE AVILA ;AMBULATÓRIO DE SAÚDE DO IDOSO ;VIA CONSELHEIRO ANTONIO PRADO, 1365, Pedro Cavalini, Barretos, SP ;JULIANA PERARO MIGUEL BARBOSA;OTORRINOLARINGOLOGISTA;Segunda;Tarde;13:00;18:00;
CENTRO MUNICIPAL DE REABILITAÇÃO-SOLANGE LANA DE AVILA ;AMBULATÓRIO DE SAÚDE DO IDOSO ;VIA CONSELHEIRO ANTONIO PRADO, 1365, Pedro Cavalini, Barretos, SP ;JULIANA PERARO MIGUEL BARBOSA;OTORRINOLARINGOLOGISTA;Terça;Tarde;13:00;18:00;
CENTRO MUNICIPAL DE REABILITAÇÃO-SOLANGE LANA DE AVILA ;AMBULATÓRIO DE SAÚDE DO IDOSO ;VIA CONSELHEIRO ANTONIO PRADO, 1365, Pedro Cavalini, Barretos, SP ;JULIANA DUCATTI ALMEIDA SANTIAGO;ULTRASSONOGRAFISTA;Segunda;Tarde;13:00;18:00;
CENTRO MUNICIPAL DE REABILITAÇÃO-SOLANGE LANA DE AVILA ;AMBULATÓRIO DE SAÚDE DO IDOSO ;VIA CONSELHEIRO ANTONIO PRADO, 1365, Pedro Cavalini, Barretos, SP ;JULIANA DUCATTI ALMEIDA SANTIAGO;ULTRASSONOGRAFISTA;Terça;Tarde;13:00;18:00;
CENTRO MUNICIPAL DE REABILITAÇÃO-SOLANGE LANA DE AVILA ;AMBULATÓRIO DE SAÚDE DO IDOSO ;VIA CONSELHEIRO ANTONIO PRADO, 1365, Pedro Cavalini, Barretos, SP ;JULIANA DUCATTI ALMEIDA SANTIAGO;ULTRASSONOGRAFISTA;Quarta;Tarde;13:00;18:00;
CENTRO MUNICIPAL DE REABILITAÇÃO-SOLANGE LANA DE AVILA ;AMBULATÓRIO DE SAÚDE DO IDOSO ;VIA CONSELHEIRO ANTONIO PRADO, 1365, Pedro Cavalini, Barretos, SP ;JULIANA DUCATTI ALMEIDA SANTIAGO;ULTRASSONOGRAFISTA;Quinta ;Manhã;07:00;12:00;
CENTRO MUNICIPAL DE REABILITAÇÃO-SOLANGE LANA DE AVILA ;AMBULATÓRIO DE SAÚDE DO IDOSO ;VIA CONSELHEIRO ANTONIO PRADO, 1365, Pedro Cavalini, Barretos, SP ;JULIANA DE ALMEIDA VENTURA;VASCULAR;Terça;Manhã;07:00;12:00;
CENTRO MUNICIPAL DE REABILITAÇÃO-SOLANGE LANA DE AVILA ;AMBULATÓRIO DE SAÚDE DO IDOSO ;VIA CONSELHEIRO ANTONIO PRADO, 1365, Pedro Cavalini, Barretos, SP ;JULIANA DE ALMEIDA VENTURA;VASCULAR;Quinta ;Manhã;07:00;12:00;
CENTRO MUNICIPAL DE REABILITAÇÃO-SOLANGE LANA DE AVILA ;AMBULATÓRIO DE SAÚDE DO IDOSO ;VIA CONSELHEIRO ANTONIO PRADO, 1365, Pedro Cavalini, Barretos, SP ;JULIANA DE ALMEIDA VENTURA;VASCULAR;Sexta;Manhã;07:00;12:00;
CENTRO MUNICIPAL DE REABILITAÇÃO-SOLANGE LANA DE AVILA ;AMBULATÓRIO DE SAÚDE DO IDOSO ;VIA CONSELHEIRO ANTONIO PRADO, 1365, Pedro Cavalini, Barretos, SP ;JULIANA DE ALMEIDA VENTURA;VASCULAR;Terça;Tarde;14:00;19:00;
CENTRO MUNICIPAL DE REABILITAÇÃO-SOLANGE LANA DE AVILA ;AMBULATÓRIO DE SAÚDE DO IDOSO ;VIA CONSELHEIRO ANTONIO PRADO, 1365, Pedro Cavalini, Barretos, SP ;MANOEL DA COSTA GONDIM NETO;GASTROENTEROLOGISTA;Segunda;Manhã;07:00;12:00;
CENTRO MUNICIPAL DE REABILITAÇÃO-SOLANGE LANA DE AVILA ;AMBULATÓRIO DE SAÚDE DO IDOSO ;VIA CONSELHEIRO ANTONIO PRADO, 1365, Pedro Cavalini, Barretos, SP ;MANOEL DA COSTA GONDIM NETO;GASTROENTEROLOGISTA;Terça;Manhã;07:00;12:00;
CENTRO MUNICIPAL DE REABILITAÇÃO-SOLANGE LANA DE AVILA ;AMBULATÓRIO DE SAÚDE DO IDOSO ;VIA CONSELHEIRO ANTONIO PRADO, 1365, Pedro Cavalini, Barretos, SP ;MANOEL DA COSTA GONDIM NETO;GASTROENTEROLOGISTA;Quarta;Manhã;07:00;12:00;
CENTRO MUNICIPAL DE REABILITAÇÃO-SOLANGE LANA DE AVILA ;AMBULATÓRIO DE SAÚDE DO IDOSO ;VIA CONSELHEIRO ANTONIO PRADO, 1365, Pedro Cavalini, Barretos, SP ;MANOEL DA COSTA GONDIM NETO;GASTROENTEROLOGISTA;Quinta ;Manhã;07:00;12:00;
CENTRO MUNICIPAL DE REABILITAÇÃO-SOLANGE LANA DE AVILA ;AMBULATÓRIO DE SAÚDE DO IDOSO ;VIA CONSELHEIRO ANTONIO PRADO, 1365, Pedro Cavalini, Barretos, SP ;MANOEL DA COSTA GONDIM NETO;GASTROENTEROLOGISTA;Sexta;Manhã;07:00;12:00;
CENTRO MUNICIPAL DE REABILITAÇÃO-SOLANGE LANA DE AVILA ;AMBULATÓRIO DE SAÚDE DO IDOSO ;VIA CONSELHEIRO ANTONIO PRADO, 1365, Pedro Cavalini, Barretos, SP ;MARIANA DE SALVI;DERMATOLOGISTA;Terça;Manhã;07:30;11:30;
CENTRO MUNICIPAL DE REABILITAÇÃO-SOLANGE LANA DE AVILA ;AMBULATÓRIO DE SAÚDE DO IDOSO ;VIA CONSELHEIRO ANTONIO PRADO, 1365, Pedro Cavalini, Barretos, SP ;MARIANA DE SALVI;DERMATOLOGISTA;Quarta;Manhã;07:30;11:30;
CENTRO MUNICIPAL DE REABILITAÇÃO-SOLANGE LANA DE AVILA ;AMBULATÓRIO DE SAÚDE DO IDOSO ;VIA CONSELHEIRO ANTONIO PRADO, 1365, Pedro Cavalini, Barretos, SP ;MARIANA DE SALVI;DERMATOLOGISTA;Sexta;Manhã;07:30;11:30;
CENTRO MUNICIPAL DE REABILITAÇÃO-SOLANGE LANA DE AVILA ;AMBULATÓRIO DE SAÚDE DO IDOSO ;VIA CONSELHEIRO ANTONIO PRADO, 1365, Pedro Cavalini, Barretos, SP ;PAULO CESAR RAMOS PEREIRA;CARDIOLOGISTA;Segunda;Tarde;14:00;19:00;
CENTRO MUNICIPAL DE REABILITAÇÃO-SOLANGE LANA DE AVILA ;AMBULATÓRIO DE SAÚDE DO IDOSO ;VIA CONSELHEIRO ANTONIO PRADO, 1365, Pedro Cavalini, Barretos, SP ;PAULO CESAR RAMOS PEREIRA;CARDIOLOGISTA;Terça;Tarde;14:00;19:00;
CENTRO MUNICIPAL DE REABILITAÇÃO-SOLANGE LANA DE AVILA ;AMBULATÓRIO DE SAÚDE DO IDOSO ;VIA CONSELHEIRO ANTONIO PRADO, 1365, Pedro Cavalini, Barretos, SP ;PAULO CESAR RAMOS PEREIRA;CARDIOLOGISTA;Quinta ;Tarde;14:00;19:00;
CENTRO MUNICIPAL DE REABILITAÇÃO-SOLANGE LANA DE AVILA ;AMBULATÓRIO DE SAÚDE DO IDOSO ;VIA CONSELHEIRO ANTONIO PRADO, 1365, Pedro Cavalini, Barretos, SP ;PAULO CESAR RAMOS PEREIRA;CARDIOLOGISTA;Sexta;Tarde;14:00;19:00;
CENTRO MUNICIPAL DE REABILITAÇÃO-SOLANGE LANA DE AVILA ;AMBULATÓRIO DE SAÚDE DO IDOSO ;VIA CONSELHEIRO ANTONIO PRADO, 1365, Pedro Cavalini, Barretos, SP ;RICARDO GONÇALVES DA SILVA;NEFROLOGISTA;Terça;Tarde;14:00;17:00;
CENTRO MUNICIPAL DE REABILITAÇÃO-SOLANGE LANA DE AVILA ;AMBULATÓRIO DE SAÚDE DO IDOSO ;VIA CONSELHEIRO ANTONIO PRADO, 1365, Pedro Cavalini, Barretos, SP ;TATIANA VANUCCI GARCIA PAIOLO;OFTALMOLOGISTA ;Segunda;Tarde;13:00;19:00;
CENTRO MUNICIPAL DE REABILITAÇÃO-SOLANGE LANA DE AVILA ;AMBULATÓRIO DE SAÚDE DO IDOSO ;VIA CONSELHEIRO ANTONIO PRADO, 1365, Pedro Cavalini, Barretos, SP ;TATIANA VANUCCI GARCIA PAIOLO;OFTALMOLOGISTA ;Terça;Tarde;13:00;19:00;
CENTRO MUNICIPAL DE REABILITAÇÃO-SOLANGE LANA DE AVILA ;AMBULATÓRIO DE SAÚDE DO IDOSO ;VIA CONSELHEIRO ANTONIO PRADO, 1365, Pedro Cavalini, Barretos, SP ;TATIANA VANUCCI GARCIA PAIOLO;OFTALMOLOGISTA ;Quarta;Tarde;13:00;19:00;
CENTRO MUNICIPAL DE REABILITAÇÃO-SOLANGE LANA DE AVILA ;AMBULATÓRIO DE SAÚDE DO IDOSO ;VIA CONSELHEIRO ANTONIO PRADO, 1365, Pedro Cavalini, Barretos, SP ;TATIANA VANUCCI GARCIA PAIOLO;OFTALMOLOGISTA ;Quinta ;Tarde;13:00;19:00;
CENTRO MUNICIPAL DE REABILITAÇÃO-SOLANGE LANA DE AVILA ;AMBULATÓRIO DE SAÚDE DO IDOSO ;VIA CONSELHEIRO ANTONIO PRADO, 1365, Pedro Cavalini, Barretos, SP ;TATIANA VANUCCI GARCIA PAIOLO;OFTALMOLOGISTA ;Sexta;Tarde;13:00;19:00;
CENTRO MUNICIPAL DE REABILITAÇÃO-SOLANGE LANA DE AVILA ;AMBULATÓRIO DE SAÚDE DO IDOSO ;VIA CONSELHEIRO ANTONIO PRADO, 1365, Pedro Cavalini, Barretos, SP ;TATIANA VANUCCI GARCIA PAIOLO;OFTALMOLOGISTA ;Terça;Manhã;07:00;12:00;
CENTRO MUNICIPAL DE REABILITAÇÃO-SOLANGE LANA DE AVILA ;AMBULATÓRIO DE SAÚDE DO IDOSO ;VIA CONSELHEIRO ANTONIO PRADO, 1365, Pedro Cavalini, Barretos, SP ;TATIANA VANUCCI GARCIA PAIOLO;OFTALMOLOGISTA ;Quinta ;Manhã;07:00;12:00;
CENTRO MUNICIPAL DE REABILITAÇÃO-SOLANGE LANA DE AVILA ;AMBULATÓRIO DE SAÚDE DO IDOSO ;VIA CONSELHEIRO ANTONIO PRADO, 1365, Pedro Cavalini, Barretos, SP ;THAIS SHIMIZU;OFTALMOLOGISTA ;Segunda;Tarde;13:00;19:00;
CENTRO MUNICIPAL DE REABILITAÇÃO-SOLANGE LANA DE AVILA ;AMBULATÓRIO DE SAÚDE DO IDOSO ;VIA CONSELHEIRO ANTONIO PRADO, 1365, Pedro Cavalini, Barretos, SP ;THAIS SHIMIZU;OFTALMOLOGISTA ;Terça;Tarde;17:00;19:00;
CENTRO MUNICIPAL DE REABILITAÇÃO-SOLANGE LANA DE AVILA ;AMBULATÓRIO DE SAÚDE DO IDOSO ;VIA CONSELHEIRO ANTONIO PRADO, 1365, Pedro Cavalini, Barretos, SP ;THAIS SHIMIZU;OFTALMOLOGISTA ;Quarta;Tarde;16:00;19:00;
CENTRO MUNICIPAL DE REABILITAÇÃO-SOLANGE LANA DE AVILA ;AMBULATÓRIO DE SAÚDE DO IDOSO ;VIA CONSELHEIRO ANTONIO PRADO, 1365, Pedro Cavalini, Barretos, SP ;THAIS SHIMIZU;OFTALMOLOGISTA ;Quinta ;Tarde;17:00;19:00;
CENTRO MUNICIPAL DE REABILITAÇÃO-SOLANGE LANA DE AVILA ;AMBULATÓRIO DE SAÚDE DO IDOSO ;VIA CONSELHEIRO ANTONIO PRADO, 1365, Pedro Cavalini, Barretos, SP ;THAIS SHIMIZU;OFTALMOLOGISTA ;Segunda;Manhã;07:00;09:00;
CENTRO MUNICIPAL DE REABILITAÇÃO-SOLANGE LANA DE AVILA ;AMBULATÓRIO DE SAÚDE DO IDOSO ;VIA CONSELHEIRO ANTONIO PRADO, 1365, Pedro Cavalini, Barretos, SP ;THALLES OLLIVI DE ALMEIDA;NEUROLOGISTA;Segunda;Manhã;07:00;12:00;
CENTRO MUNICIPAL DE REABILITAÇÃO-SOLANGE LANA DE AVILA ;AMBULATÓRIO DE SAÚDE DO IDOSO ;VIA CONSELHEIRO ANTONIO PRADO, 1365, Pedro Cavalini, Barretos, SP ;THALLES OLLIVI DE ALMEIDA;NEUROLOGISTA;Terça;Manhã;07:00;12:00;
CENTRO MUNICIPAL DE REABILITAÇÃO-SOLANGE LANA DE AVILA ;AMBULATÓRIO DE SAÚDE DO IDOSO ;VIA CONSELHEIRO ANTONIO PRADO, 1365, Pedro Cavalini, Barretos, SP ;THALLES OLLIVI DE ALMEIDA;NEUROLOGISTA;Quarta;Manhã;07:00;12:00;
CENTRO MUNICIPAL DE REABILITAÇÃO-SOLANGE LANA DE AVILA ;AMBULATÓRIO DE SAÚDE DO IDOSO ;VIA CONSELHEIRO ANTONIO PRADO, 1365, Pedro Cavalini, Barretos, SP ;THALLES OLLIVI DE ALMEIDA;NEUROLOGISTA;Quinta ;Manhã;07:00;12:00;
CENTRO MUNICIPAL DE REABILITAÇÃO-SOLANGE LANA DE AVILA ;AMBULATÓRIO DE SAÚDE DO IDOSO ;VIA CONSELHEIRO ANTONIO PRADO, 1365, Pedro Cavalini, Barretos, SP ;THALLES OLLIVI DE ALMEIDA;NEUROLOGISTA;Sexta;Manhã;07:00;12:00;
CENTRO MUNICIPAL DE REABILITAÇÃO-SOLANGE LANA DE AVILA ;AMBULATÓRIO DE SAÚDE DO IDOSO ;VIA CONSELHEIRO ANTONIO PRADO, 1365, Pedro Cavalini, Barretos, SP ;THALLES OLLIVI DE ALMEIDA;NEUROLOGISTA;Segunda;Tarde;13:30;17:00;
CENTRO MUNICIPAL DE REABILITAÇÃO-SOLANGE LANA DE AVILA ;AMBULATÓRIO DE SAÚDE DO IDOSO ;VIA CONSELHEIRO ANTONIO PRADO, 1365, Pedro Cavalini, Barretos, SP ;THALLES OLLIVI DE ALMEIDA;NEUROLOGISTA;Terça;Tarde;13:00;17:00;
CENTRO MUNICIPAL DE REABILITAÇÃO-SOLANGE LANA DE AVILA ;AMBULATÓRIO DE SAÚDE DO IDOSO ;VIA CONSELHEIRO ANTONIO PRADO, 1365, Pedro Cavalini, Barretos, SP ;THALLES OLLIVI DE ALMEIDA;NEUROLOGISTA;Quarta;Tarde;13:00;17:00;
CENTRO MUNICIPAL DE REABILITAÇÃO-SOLANGE LANA DE AVILA ;AMBULATÓRIO DE SAÚDE DO IDOSO ;VIA CONSELHEIRO ANTONIO PRADO, 1365, Pedro Cavalini, Barretos, SP ;THALLES OLLIVI DE ALMEIDA;NEUROLOGISTA;Quinta ;Tarde;13:00;17:00;
CENTRO MUNICIPAL DE REABILITAÇÃO-SOLANGE LANA DE AVILA ;AMBULATÓRIO DE SAÚDE DO IDOSO ;VIA CONSELHEIRO ANTONIO PRADO, 1365, Pedro Cavalini, Barretos, SP ;THALLES OLLIVI DE ALMEIDA;NEUROLOGISTA;Sexta;Tarde;13:00;17:00;
;;;;;;;;;
;;;;;;;;;
;;;;;;;;;
;;;;;;;;;
;;;;;;;;;
;;;;;;;;;
;;;;;;;;;
;;;;;;;;;
;;;;;;;;;
;;;;;;;;;
;;;;;;;;;
;;;;;;;;;
;;;;;;;;;
;;;;;;;;;
;;;;;;;;;
;;;;;;;;;
;;;;;;;;;
;;;;;;;;;
;;;;;;;;;
;;;;;;;;;
;;;;;;;;;
;;;;;;;;;
;;;;;;;;;
;;;;;;;;;
;;;;;;;;;
;;;;;;;;;
;;;;;;;;;
;;;;;;;;;
;;;;;;;;;
;;;;;;;;;
;;;;;;;;;
;;;;;;;;;
;;;;;;;;;
;;;;;;;;;
;;;;;;;;;
;;;;;;;;;
;;;;;;;;;
;;;;;;;;;
;;;;;;;;;
;;;;;;;;;
;;;;;;;;;
;;;;;;;;;
;;;;;;;;;
;;;;;;;;;
;;;;;;;;;
;;;;;;;;;
;;;;;;;;;
;;;;;;;;;
;;;;;;;;;
;;;;;;;;;
;;;;;;;;;
;;;;;;;;;
;;;;;;;;;
;;;;;;;;;
;;;;;;;;;
;;;;;;;;;
;;;;;;;;;
;;;;;;;;;
;;;;;;;;;
;;;;;;;;;
;;;;;;;;;
;;;;;;;;;
;;;;;;;;;
;;;;;;;;;
;;;;;;;;;
;;;;;;;;;
;;;;;;;;;
;;;;;;;;;
;;;;;;;;;
;;;;;;;;;
;;;;;;;;;
;;;;;;;;;
;;;;;;;;;
;;;;;;;;;
;;;;;;;;;
;;;;;;;;;
;;;;;;;;;
;;;;;;;;;
;;;;;;;;;
;;;;;;;;;
;;;;;;;;;
;;;;;;;;;
;;;;;;;;;
;;;;;;;;;
;;;;;;;;;
;;;;;;;;;
;;;;;;;;;
;;;;;;;;;
;;;;;;;;;
;;;;;;;;;
;;;;;;;;;
;;;;;;;;;
;;;;;;;;;
;;;;;;;;;
;;;;;;;;;
;;;;;;;;;
;;;;;;;;;
;;;;;;;;;
;;;;;;;;;
;;;;;;;;;
;;;;;;;;;
;;;;;;;;;
;;;;;;;;;
;;;;;;;;;
;;;;;;;;;
;;;;;;;;;
;;;;;;;;;
;;;;;;;;;
;;;;;;;;;
;;;;;;;;;
;;;;;;;;;
;;;;;;;;;
;;;;;;;;;
;;;;;;;;;
;;;;;;;;;
;;;;;;;;;
;;;;;;;;;
;;;;;;;;;
;;;;;;;;;
;;;;;;;;;
;;;;;;;;;
;;;;;;;;;
;;;;;;;;;
;;;;;;;;;
;;;;;;;;;
;;;;;;;;;
;;;;;;;;;
;;;;;;;;;
;;;;;;;;;
;;;;;;;;;
;;;;;;;;;
;;;;;;;;;
;;;;;;;;;
;;;;;;;;;
;;;;;;;;;
;;;;;;;;;
;;;;;;;;;